{
    "mean": 107080.25026581605,
    "scale": 39964.32955493709
}